<?xml version="1.0" encoding="UTF-8"?>
<project-private xmlns="http://www.netbeans.org/ns/project-private/1">
    <editor-bookmarks xmlns="http://www.netbeans.org/ns/editor-bookmarks/2" lastBookmarkId="0"/>
    <open-files xmlns="http://www.netbeans.org/ns/projectui-open-files/2">
        <group>
            <file>file:/C:/Users/rebecca/Documents/GitHub/ConsultorSismicoCR/ConsultorSismico/src/consultorsismico/Modelo/Conversion.java</file>
            <file>file:/C:/Users/rebecca/Documents/GitHub/ConsultorSismicoCR/ConsultorSismico/src/consultorsismico/Controlador/Controlador.java</file>
            <file>file:/C:/Users/rebecca/Documents/GitHub/ConsultorSismicoCR/ConsultorSismico/src/consultorsismico/Modelo/ListaCoordenadas.java</file>
            <file>file:/C:/Users/rebecca/Documents/GitHub/ConsultorSismicoCR/ConsultorSismico/src/consultorsismico/Modelo/MapaBase.java</file>
            <file>file:/C:/Users/rebecca/Documents/GitHub/ConsultorSismicoCR/ConsultorSismico/src/consultorsismico/Vista/PanelMapa.java</file>
            <file>file:/C:/Users/rebecca/Documents/GitHub/ConsultorSismicoCR/ConsultorSismico/src/consultorsismico/Vista/VentanaPrincipal.java</file>
            <file>file:/C:/Users/rebecca/Documents/GitHub/ConsultorSismicoCR/ConsultorSismico/src/consultorsismico/ConsultorSismico.java</file>
            <file>file:/C:/Users/rebecca/Documents/GitHub/ConsultorSismicoCR/ConsultorSismico/src/consultorsismico/Vista/PanelAplicacion.java</file>
            <file>file:/C:/Users/rebecca/Documents/GitHub/ConsultorSismicoCR/ConsultorSismico/src/consultorsismico/Modelo/Sismo.java</file>
            <file>file:/C:/Users/rebecca/Documents/GitHub/ConsultorSismicoCR/ConsultorSismico/src/consultorsismico/Vista/VentanaBusqueda.java</file>
            <file>file:/C:/Users/rebecca/Documents/GitHub/ConsultorSismicoCR/ConsultorSismico/src/consultorsismico/Modelo/PosicionMapa.java</file>
            <file>file:/C:/Users/rebecca/Documents/GitHub/ConsultorSismicoCR/ConsultorSismico/src/consultorsismico/Vista/tabla/TablaSismos.java</file>
            <file>file:/C:/Users/rebecca/Documents/GitHub/ConsultorSismicoCR/ConsultorSismico/src/consultorsismico/Modelo/Latitud.java</file>
            <file>file:/C:/Users/rebecca/Documents/GitHub/ConsultorSismicoCR/ConsultorSismico/src/consultorsismico/Modelo/Tamano.java</file>
            <file>file:/C:/Users/rebecca/Documents/GitHub/ConsultorSismicoCR/ConsultorSismico/src/consultorsismico/Modelo/tablaModel/ModeloColumnas.java</file>
            <file>file:/C:/Users/rebecca/Documents/GitHub/ConsultorSismicoCR/ConsultorSismico/src/consultorsismico/Modelo/PosicionImagen.java</file>
            <file>file:/C:/Users/rebecca/Documents/GitHub/ConsultorSismicoCR/ConsultorSismico/src/consultorsismico/Modelo/Imagen.java</file>
            <file>file:/C:/Users/rebecca/Documents/GitHub/ConsultorSismicoCR/ConsultorSismico/src/consultorsismico/Modelo/Modelo.java</file>
            <file>file:/C:/Users/rebecca/Documents/GitHub/ConsultorSismicoCR/ConsultorSismico/src/consultorsismico/Modelo/ConjuntoSismos.java</file>
            <file>file:/C:/Users/rebecca/Documents/GitHub/ConsultorSismicoCR/ConsultorSismico/src/consultorsismico/Modelo/tablaModel/ModeloTablaSismos.java</file>
            <file>file:/C:/Users/rebecca/Documents/GitHub/ConsultorSismicoCR/ConsultorSismico/src/consultorsismico/Modelo/Coordenada.java</file>
            <file>file:/C:/Users/rebecca/Documents/GitHub/ConsultorSismicoCR/ConsultorSismico/src/consultorsismico/Vista/VentanaTabla.java</file>
            <file>file:/C:/Users/rebecca/Documents/GitHub/ConsultorSismicoCR/ConsultorSismico/src/consultorsismico/Modelo/Longitud.java</file>
            <file>file:/C:/Users/rebecca/Documents/GitHub/ConsultorSismicoCR/ConsultorSismico/src/consultorsismico/Vista/BarraCoordenada.java</file>
            <file>file:/C:/Users/rebecca/Documents/GitHub/ConsultorSismicoCR/ConsultorSismico/src/consultorsismico/Vista/tabla/RenderizadorCelda.java</file>
        </group>
    </open-files>
</project-private>
